no-training_dupesFalse,0.4074074074074074
models/clip_none_NoDupes.pth,0.46296296296296297
no-training_dupesFalse,0.3888888888888889
